cohort	metadata	metric	n_meta	gizmo_best_pc	gizmo_strength	gizmo_raw_p	mofa_best_factor	mofa_strength	mofa_raw_p	n_cohort_tests	bonf_cohort_thr	bonf_global_thr	gizmo_pc_var_frac	mofa_factor_var_frac	gizmo_survives_bonf_cohort	gizmo_survives_bonf_global	mofa_survives_bonf_cohort	mofa_survives_bonf_global
KMPLOT_BRCA	grade	spearman	1044	3	0.4900840299191826	2.8402349734674197e-40	3	0.5005838979799765	3.308151194443073e-42	3	0.016666666666666666	0.00027624309392265195	0.06131425122621034	0.1842555716828244	True	True	True	True
KMPLOT_BRCA	size	spearman	906	3	0.2251429828247538	7.416251168545376e-09	4	0.2382288573820547	8.957769553861905e-10	3	0.016666666666666666	0.00027624309392265195	0.06131425122621034	0.20484388239553936	False	False	False	False
KMPLOT_BRCA	age	spearman	761	1	0.516909460880415	9.064137095388167e-32	1	0.5187582226079427	5.059722356790148e-32	3	0.016666666666666666	0.00027624309392265195	0.19076183439984237	0.16597952838052285	True	True	True	True
CPTAC_CCRCC	age	spearman	200	3	0.3100478408479659	0.0009797232359756	3	0.3241702332359716	0.0005505494538149	7	0.0071428571428571435	0.00027624309392265195	0.04246767358653265	0.04652239060567958	False	False	False	False
CPTAC_CCRCC	sex	auc	222	2	0.2374999999999999	0.0562054867212055	4	0.2466666666666666	0.0473377091113199	7	0.0071428571428571435	0.00027624309392265195	0.05480596231628089	0.4348491455243544	False	False	False	False
CPTAC_CCRCC	tumor_site	spearman	157	5	0.2808901338526834	0.0084048695113068	4	0.2627907065864767	0.0139292943416017	7	0.0071428571428571435	0.00027624309392265195	0.019630644622132955	0.4348491455243544	False	False	False	False
CPTAC_CCRCC	tumor_size_cm	spearman	200	3	0.4110907221267105	8.1512423098287e-06	2	0.3165687917829944	0.0007534152824765	7	0.0071428571428571435	0.00027624309392265195	0.04246767358653265	0.15937610739871244	True	True	False	False
CPTAC_CCRCC	grade	spearman	200	3	0.4921138343757188	4.756143683973797e-08	3	0.18129014666248	0.058038872190281	7	0.0071428571428571435	0.00027624309392265195	0.04246767358653265	0.04652239060567958	True	True	False	False
CPTAC_CCRCC	bmi	spearman	201	2	0.2291713163602987	0.0160289794032807	5	0.229270503253335	0.0159820144596569	7	0.0071428571428571435	0.00027624309392265195	0.05480596231628089	0.08123788807227643	False	False	False	False
CPTAC_CCRCC	tobacco_smoking_hist	spearman	154	3	0.2036798687037707	0.0631240207448971	3	0.2624882301947352	0.0158584763176992	7	0.0071428571428571435	0.00027624309392265195	0.04246767358653265	0.04652239060567958	False	False	False	False
CPTAC_COAD	age	spearman	108	4	0.2288227626633555	0.0188790794636662	5	0.144256363685262	0.1420541472616205	26	0.0019230769230769232	0.00027624309392265195	0.02752193864010523	0.020582054450260963	False	False	False	False
CPTAC_COAD	sex	auc	110	2	0.178210678210678	0.1186118355781536	6	0.2756132756132756	0.0157209114441581	26	0.0019230769230769232	0.00027624309392265195	0.11388571651080141	0.0002748562595531885	False	False	False	False
CPTAC_COAD	mucinous	auc	109	2	0.3254901960784315	0.0215233863364858	4	0.3983193277310923	0.0048945124591001	26	0.0019230769230769232	0.00027624309392265195	0.11388571651080141	0.0030057051504846347	False	False	False	False
CPTAC_COAD	subsite	spearman	109	4	0.3248196235983818	0.0006808505859131	4	0.2285625010476102	0.0184441903541879	26	0.0019230769230769232	0.00027624309392265195	0.02752193864010523	0.0030057051504846347	False	False	False	False
CPTAC_COAD	pathology_t_stage	spearman	110	1	0.1394839332624795	0.1518860925311288	5	0.1813570659332599	0.061557177226008	26	0.0019230769230769232	0.00027624309392265195	0.4198899720197963	0.020582054450260963	False	False	False	False
CPTAC_COAD	stage	spearman	110	2	0.2782888281816079	0.0037032149948424	3	0.3040243902884558	0.0014544140895168	26	0.0019230769230769232	0.00027624309392265195	0.11388571651080141	0.0019157753857002911	False	False	False	False
CPTAC_COAD	cea	spearman	63	2	0.1690642139441636	0.1965871331684749	6	0.2118167231592447	0.104225450914545	26	0.0019230769230769232	0.00027624309392265195	0.11388571651080141	0.0002748562595531885	False	False	False	False
CPTAC_COAD	vascular_invasion	auc	102	5	0.2996987951807228	0.0591718996927045	7	0.3373493975903614	0.0336232986058649	26	0.0019230769230769232	0.00027624309392265195	0.022073381313303907	0.002669745020096401	False	False	False	False
CPTAC_COAD	lymphatic_invasion	auc	103	5	0.3065268065268065	0.0289445262013925	7	0.2459207459207459	0.0798506229580219	26	0.0019230769230769232	0.00027624309392265195	0.022073381313303907	0.002669745020096401	False	False	False	False
CPTAC_COAD	perineural_invasion	auc	98	5	0.2844827586206895	0.1905435417281947	4	0.1551724137931034	0.4805007710395652	26	0.0019230769230769232	0.00027624309392265195	0.022073381313303907	0.0030057051504846347	False	False	False	False
CPTAC_COAD	synchronous_tumors	auc	106	2	0.431578947368421	0.033394351705063	7	0.4175438596491229	0.0395957979125857	26	0.0019230769230769232	0.00027624309392265195	0.11388571651080141	0.002669745020096401	False	False	False	False
CPTAC_COAD	polyps_history	auc	97	2	0.3642105263157895	0.0147487270368221	3	0.3628070175438596	0.0151373609301949	26	0.0019230769230769232	0.00027624309392265195	0.11388571651080141	0.0019157753857002911	False	False	False	False
CPTAC_COAD	polyps_present	auc	107	2	0.4308045977011494	0.0006927306094601	3	0.376551724137931	0.0030291842131492	26	0.0019230769230769232	0.00027624309392265195	0.11388571651080141	0.0019157753857002911	True	False	False	False
CPTAC_COAD	transcriptomic_subtype	spearman	85	1	0.3377506663494116	0.0015709472931957	4	0.2501686361561718	0.0209358713295654	26	0.0019230769230769232	0.00027624309392265195	0.4198899720197963	0.0030057051504846347	False	False	False	False
CPTAC_COAD	proteomic_subtype	spearman	88	1	0.3791964636997802	0.0002923197741984	3	0.563447506461785	1.3336411310954071e-08	26	0.0019230769230769232	0.00027624309392265195	0.4198899720197963	0.0019157753857002911	False	False	True	True
CPTAC_COAD	mutation_rate	spearman	106	5	0.5041654388443115	3.5924651304021635e-08	4	0.3816987736234705	5.409444989624285e-05	26	0.0019230769230769232	0.00027624309392265195	0.022073381313303907	0.0030057051504846347	True	True	False	False
CPTAC_COAD	vital.status	auc	108	5	0.4971428571428571	0.026555303691107	3	0.3399999999999999	0.1378199512850491	26	0.0019230769230769232	0.00027624309392265195	0.022073381313303907	0.0019157753857002911	False	False	False	False
CPTAC_COAD	tumor.status	auc	103	1	0.1889534883720931	0.2334158995478756	8	0.191860465116279	0.2262754972047882	26	0.0019230769230769232	0.00027624309392265195	0.4198899720197963	0.00037936094301508537	False	False	False	False
CPTAC_COAD	mutation_phenotype	auc	105	5	0.7191358024691357	9.8022050974327e-08	4	0.6152263374485596	5.124929061464344e-06	26	0.0019230769230769232	0.00027624309392265195	0.022073381313303907	0.0030057051504846347	True	True	True	True
CPTAC_COAD	stromalscore	spearman	106	1	0.7137818978764139	8.889781643976909e-18	3	0.8654910950449656	5.370987273828384e-33	26	0.0019230769230769232	0.00027624309392265195	0.4198899720197963	0.0019157753857002911	True	True	True	True
CPTAC_COAD	immunescore	spearman	106	1	0.4955084767110865	6.651975991504456e-08	3	0.6825352041715999	7.797960206755408e-16	26	0.0019230769230769232	0.00027624309392265195	0.4198899720197963	0.0019157753857002911	True	True	True	True
CPTAC_COAD	estimatescore	spearman	106	1	0.6492228631886541	5.1842109600084845e-14	3	0.8349900496259164	9.736801807472613e-29	26	0.0019230769230769232	0.00027624309392265195	0.4198899720197963	0.0019157753857002911	True	True	True	True
CPTAC_COAD	tumorpurity	spearman	106	1	0.6491086205744468	5.2546681230816793e-14	3	0.8348813131530461	1.0046387611587136e-28	26	0.0019230769230769232	0.00027624309392265195	0.4198899720197963	0.0019157753857002911	True	True	True	True
CPTAC_COAD	immunesubtype	spearman	106	5	0.469479299882261	3.839916228378422e-07	3	0.5830986923782001	5.434475051688762e-11	26	0.0019230769230769232	0.00027624309392265195	0.022073381313303907	0.0019157753857002911	True	True	True	True
CPTAC_COAD	cin	auc	105	1	0.5652173913043478	3.697795425657266e-05	3	0.5970307529162249	1.3124346661916646e-05	26	0.0019230769230769232	0.00027624309392265195	0.4198899720197963	0.0019157753857002911	True	True	True	True
CPTAC_COAD	integrated.phenotype	spearman	108	2	0.4252775713592095	4.967432021226583e-06	4	0.4236399438683189	5.449103579575342e-06	26	0.0019230769230769232	0.00027624309392265195	0.11388571651080141	0.0030057051504846347	True	True	True	True
CPTAC_OV	age	spearman	77	4	0.072901814809339	0.5286378457655134	6	0.228826546791404	0.0453119771091428	3	0.016666666666666666	0.00027624309392265195	0.03729618814174062	0.005550000586421841	False	False	False	False
CPTAC_OV	site_of_disease	spearman	83	4	0.1866152185812802	0.0911742241339296	6	0.1967729649976875	0.0745902985800415	3	0.016666666666666666	0.00027624309392265195	0.03729618814174062	0.005550000586421841	False	False	False	False
CPTAC_OV	anatomic_site_of_tumor_specimen	auc	78	2	0.3736842105263159	0.0045961352943585	2	0.4973684210526319	0.0001608168824695	3	0.016666666666666666	0.00027624309392265195	0.05089165747711118	0.015722531137245664	False	False	True	True
TCGA_IDH_glioma	age	spearman	1047	4	0.34213674122758	4.641768730486299e-13	3	0.3124570989535318	4.9459993355287107e-11	11	0.004545454545454546	0.00027624309392265195		0.11682826895673022	False	False	False	False
TCGA_IDH_glioma	karnofsky_performance_score	spearman	697	2	0.2447564616442822	0.000132210634201	3	0.2082667272106912	0.0012018978331249	11	0.004545454545454546	0.00027624309392265195		0.11682826895673022	False	False	False	False
TCGA_IDH_glioma	os_months	spearman	1047	3	0.1685835034741002	0.0004977885497791	5	0.1635927940589378	0.0007316616932799	11	0.004545454545454546	0.00027624309392265195		0.09775598343151809	False	False	False	False
TCGA_IDH_glioma	sex	auc	1047	4	0.1087822544137619	0.0544917555890496	3	0.1136260751471254	0.0445851770793489	11	0.004545454545454546	0.00027624309392265195		0.11682826895673022	False	False	False	False
TCGA_IDH_glioma	os_event	auc	1046	4	0.3811275429772539	1.6745701655349838e-07	3	0.4357780947376323	2.1961973493696213e-09	11	0.004545454545454546	0.00027624309392265195		0.11682826895673022	False	False	True	True
TCGA_IDH_glioma	idh_mut	auc	995	2	0.7310770782126426	4.425503317202679e-26	3	0.687905716266465	2.811910086696026e-23	11	0.004545454545454546	0.00027624309392265195		0.11682826895673022	True	True	True	True
TCGA_IDH_glioma	mgmt_methylated	auc	932	2	0.4759026084633111	2.795756597092402e-11	7	0.4093717644701244	1.026782213533887e-08	11	0.004545454545454546	0.00027624309392265195		0.15879460856600827	True	True	True	True
TCGA_IDH_glioma	grade	spearman	1047	4	0.3562911430034744	4.1722213528546794e-14	3	0.4054614922991215	3.608255474603753e-18	11	0.004545454545454546	0.00027624309392265195		0.11682826895673022	False	False	True	True
TCGA_IDH_glioma	idh_codel_subtype	spearman	974	1	0.5114436399877125	1.0805646278773712e-31	4	0.718521500692347	1.8978694823240866e-73	11	0.004545454545454546	0.00027624309392265195		0.15122460126605686	True	True	True	True
TCGA_IDH_glioma	transcriptome_subtype	spearman	898	2	0.7447279615697008	3.833780484979624e-67	2	0.7008507283404315	2.1673642103761927e-56	11	0.004545454545454546	0.00027624309392265195		0.1436217384368372	True	True	True	True
TCGA_IDH_glioma	original_subtype	spearman	1037	1	0.5119394150200627	9.239015944892425e-32	4	0.7163816558455317	7.979380723715591e-73	11	0.004545454545454546	0.00027624309392265195		0.15122460126605686	True	True	True	True
IDH_glioma	idh_mut	auc	88	1	0.7584905660377357	2.053987038920202e-09	3	0.9137466307277629	5.154529733550014e-13	3	0.016666666666666666	0.00027624309392265195	0.2991148373447334	0.15335502239873808	True	True	True	True
IDH_glioma	histology	spearman	88	2	0.2416908372987145	0.0232934011029663	2	0.5015115356125409	6.447838598655728e-07	3	0.016666666666666666	0.00027624309392265195	0.17574669582879887	0.12856075757988092	False	False	True	True
IDH_glioma	treatment_received	auc	88	4	0.304059652029826	0.053093088196666	1	0.2062966031483017	0.1899995635336244	3	0.016666666666666666	0.00027624309392265195	0.05327724170226411	0.5059951492737339	False	False	False	False
Gao_RA	diagnosis	auc	28	2	0.1428571428571428	0.5350644544782063	1	0.204081632653061	0.3702635725474709	3	0.016666666666666666	0.00027624309392265195	0.002695434319853392	0.758061821345885	False	False	False	False
Gao_RA	tissue	auc	28	2	1.0	9.272574815604624e-06	2	0.84375	0.0001861410768108	3	0.016666666666666666	0.00027624309392265195	0.002695434319853392	0.18071764872609927	True	True	True	True
Gao_RA	gender	auc	28	2	0.4385964912280702	0.0687437500045427	3	0.4152046783625731	0.0851209072116638	3	0.016666666666666666	0.00027624309392265195	0.002695434319853392	0.06122052992782774	False	False	False	False
Crohn	thiopurine	auc	58	4	0.1102941176470588	0.6014491712483897	7	0.2205882352941175	0.2879423884911257	1	0.05	0.00027624309392265195	0.08088996070771544	0.012622862951497449	False	False	False	False
Filbin_COVID	covid	auc	384	3	0.6643968053804119	1.3388460972114295e-19	4	0.6188314417822616	3.284626683443133e-17	25	0.002	0.00027624309392265195	0.07737733509709807	0.12860771093054962	True	True	True	True
Filbin_COVID	age_cat	spearman	384	5	0.3435316064135899	4.7597405869608495e-12	1	0.4748625472555873	6.165781742530863e-23	25	0.002	0.00027624309392265195	0.057479928134199956	0.226835323714263	False	False	True	True
Filbin_COVID	bmi_cat	spearman	384	2	0.1373084892720172	0.0071205211749233	8	0.2109118269720178	3.1680962245411404e-05	25	0.002	0.00027624309392265195	0.15486188523881286	0.047701352929622874	False	False	False	False
Filbin_COVID	acuity_0	spearman	384	3	0.4356835653254425	3.5650925528653653e-19	4	0.3738332330584844	3.781567379334903e-14	25	0.002	0.00027624309392265195	0.07737733509709807	0.12860771093054962	True	True	False	False
Filbin_COVID	acuity_3	spearman	384	3	0.5219807310718635	3.7484717813473797e-28	4	0.4568833370474255	3.773553679965753e-21	25	0.002	0.00027624309392265195	0.07737733509709807	0.12860771093054962	True	True	True	True
Filbin_COVID	acuity_7	spearman	384	3	0.4561225456022774	4.467376602001939e-21	4	0.3522883947067332	1.2403493644260706e-12	25	0.002	0.00027624309392265195	0.07737733509709807	0.12860771093054962	True	True	False	False
Filbin_COVID	acuity_28	spearman	384	3	0.3595459756844701	3.9409648383090953e-13	1	0.2741478683472973	4.967938317674255e-08	25	0.002	0.00027624309392265195	0.07737733509709807	0.226835323714263	False	False	False	False
Filbin_COVID	acuity_max	spearman	384	3	0.4278017281971263	1.785989103669765e-18	4	0.3377356216650792	1.1330140352123936e-11	25	0.002	0.00027624309392265195	0.07737733509709807	0.12860771093054962	True	True	False	False
Filbin_COVID	abs_neut_0_cat	spearman	380	2	0.2599190376788571	2.869303694174844e-07	8	0.4603270941382198	2.8296007814287386e-21	25	0.002	0.00027624309392265195	0.15486188523881286	0.047701352929622874	False	False	True	True
Filbin_COVID	abs_lymph_0_cat	spearman	379	3	0.2982264769959754	3.3370649195441102e-09	5	0.3411462360634258	9.346362692964016e-12	25	0.002	0.00027624309392265195	0.07737733509709807	0.08692764125148916	False	False	False	False
Filbin_COVID	abs_mono_0_cat	spearman	376	2	0.2507393158982286	8.737862203582675e-07	8	0.2956705305003979	5.29754542926769e-09	25	0.002	0.00027624309392265195	0.15486188523881286	0.047701352929622874	False	False	False	False
Filbin_COVID	creat_0_cat	spearman	381	5	0.5288268568760843	9.152435453844776e-29	1	0.5084419244231766	2.2542132883271943e-26	25	0.002	0.00027624309392265195	0.057479928134199956	0.226835323714263	True	True	True	True
Filbin_COVID	crp_0_cat	spearman	366	3	0.6123725112718845	6.094279396230449e-39	4	0.5371362350526552	1.139627502036468e-28	25	0.002	0.00027624309392265195	0.07737733509709807	0.12860771093054962	True	True	True	True
Filbin_COVID	ddimer_0_cat	spearman	358	2	0.3966190648478879	6.732888944727898e-15	1	0.4232510081592487	5.986132368381682e-17	25	0.002	0.00027624309392265195	0.15486188523881286	0.226835323714263	False	False	True	True
Filbin_COVID	ldh_0_cat	spearman	362	3	0.6489753978841972	1.5426237816296414e-44	3	0.6059203540390664	1.494212605248203e-37	25	0.002	0.00027624309392265195	0.07737733509709807	0.19739990412451355	True	True	True	True
Filbin_COVID	trop_72h	auc	384	5	0.5814933423226023	2.1690171872247986e-08	1	0.5904264284510365	1.3161137637176635e-08	25	0.002	0.00027624309392265195	0.057479928134199956	0.226835323714263	True	True	True	True
Filbin_COVID	heart	auc	384	2	0.4168472372697723	4.1778109341743096e-08	1	0.4501625135427953	3.1913667299581364e-09	25	0.002	0.00027624309392265195	0.15486188523881286	0.226835323714263	True	True	True	True
Filbin_COVID	lung	auc	384	3	0.3370332305584105	3.597745542568851e-07	4	0.3378554299417611	3.36950361168628e-07	25	0.002	0.00027624309392265195	0.07737733509709807	0.12860771093054962	False	False	False	False
Filbin_COVID	kidney	auc	384	5	0.5325323286834336	4.218941689912478e-11	1	0.7129620201608797	1.0349217354118285e-18	25	0.002	0.00027624309392265195	0.057479928134199956	0.226835323714263	True	True	True	True
Filbin_COVID	diabetes	auc	384	4	0.1558710440698019	0.011315600180601	6	0.2343685300207039	0.0001397720681284	25	0.002	0.00027624309392265195	0.0711470163066375	0.055805708051852636	False	False	False	False
Filbin_COVID	htn	auc	384	2	0.3124317238365741	1.265208359812267e-07	1	0.4291020318986236	3.9546334324361373e-13	25	0.002	0.00027624309392265195	0.15486188523881286	0.226835323714263	False	False	True	True
Filbin_COVID	immuno	auc	384	2	0.100125680770842	0.2898847366060191	8	0.3477167993297023	0.0002356669173788	25	0.002	0.00027624309392265195	0.15486188523881286	0.047701352929622874	False	False	False	False
Filbin_COVID	resp_symp	auc	384	5	0.5458143074581431	9.255536355888162e-05	2	0.3765601217656014	0.0070025352906622	25	0.002	0.00027624309392265195	0.057479928134199956	0.2188410408812834	True	True	False	False
Filbin_COVID	fever_sympt	auc	384	2	0.3142840187525961	3.410475799312358e-07	1	0.3554685181888315	8.045519931215297e-09	25	0.002	0.00027624309392265195	0.15486188523881286	0.226835323714263	False	False	False	False
Filbin_COVID	gi_symp	auc	384	5	0.175033692722372	0.0035088770675271	8	0.1772798742138364	0.0031094382470969	25	0.002	0.00027624309392265195	0.057479928134199956	0.047701352929622874	False	False	False	False
Erawijantari	age	spearman	96	3	0.1577781432814563	0.1247134290209013	1	0.1063098622652263	0.3025878062132723	11	0.004545454545454546	0.00027624309392265195	0.19405958614366423	0.3506681749109989	False	False	False	False
Erawijantari	sex	auc	96	3	0.2197265625	0.0810123627047225	6	0.283203125	0.0244470281249824	11	0.004545454545454546	0.00027624309392265195	0.19405958614366423	0.047800315229189615	False	False	False	False
Erawijantari	bmi	spearman	96	5	0.2415947150808401	0.0177223291838136	2	0.283049709425986	0.0052001391427648	11	0.004545454545454546	0.00027624309392265195	0.08433479375123928	0.20771788383348042	False	False	False	False
Erawijantari	study_group	auc	96	1	0.4188712522045855	0.0004575573097691	1	0.8130511463844798	1.0049593299038604e-11	11	0.004545454545454546	0.00027624309392265195	0.26473466398415124	0.3506681749109989	True	False	True	True
Erawijantari	surgery_type	spearman	96	1	0.3403465558415903	0.0006915536376048	1	0.6791851108480023	2.8228871594718902e-14	11	0.004545454545454546	0.00027624309392265195	0.26473466398415124	0.3506681749109989	False	False	True	True
Erawijantari	hypertension	auc	95	4	0.2908622908622909	0.0431307243124222	4	0.3333333333333332	0.0204271055211581	11	0.004545454545454546	0.00027624309392265195	0.09830066669565672	0.08642567040487387	False	False	False	False
Erawijantari	diabetes	auc	95	1	0.4015009380863039	0.0207816576503186	7	0.3227016885553471	0.0632937418746304	11	0.004545454545454546	0.00027624309392265195	0.26473466398415124	0.03770085069180849	False	False	False	False
Erawijantari	dyslipidemia	auc	95	3	0.2971342383107089	0.0564097129658357	1	0.3318250377073908	0.0330752708980533	11	0.004545454545454546	0.00027624309392265195	0.19405958614366423	0.3506681749109989	False	False	False	False
Erawijantari	diabetesmed	auc	95	4	0.3809523809523809	0.0236642250606515	1	0.2451499118165785	0.1459148913055558	11	0.004545454545454546	0.00027624309392265195	0.09830066669565672	0.3506681749109989	False	False	False	False
Erawijantari	anticoagulant	auc	95	1	0.3246753246753247	0.1595762389765103	9	0.4740259740259738	0.0362203413862612	11	0.004545454545454546	0.00027624309392265195	0.26473466398415124	0.021750147977044273	False	False	False	False
Erawijantari	analgesic	auc	95	5	0.3043478260869566	0.3950438897518333	3	0.5289855072463768	0.1289022143553805	11	0.004545454545454546	0.00027624309392265195	0.08433479375123928	0.1595678821174163	False	False	False	False
TCGA_LUAD	stage	spearman	514	5	0.1419602951206636	0.001336606841861	2	0.1994176005714383	5.9223837447128745e-06	2	0.025	0.00027624309392265195	0.043447273169243746	0.136406225475197	False	False	False	False
TCGA_LUAD	sex	auc	522	5	0.2020088589431655	8.613835669052421e-05	3	0.1463597230020586	0.0044431546515827	2	0.025	0.00027624309392265195	0.043447273169243746	0.14329328080935194	False	False	False	False
Su_COVID	sex	auc	523	2	0.5308641975308642	0.0636897751366286	6	0.925925925925926	0.001086246625822	2	0.025	0.00027624309392265195	0.12164579366288368	0.05231012428093288	False	False	True	False
Su_COVID	age	spearman	520	5	0.2359035310418605	0.345989905696888	3	0.505950994208201	0.0321722125905924	2	0.025	0.00027624309392265195	0.04047808886764621	0.20767098230833045	False	False	False	False
GSE65391_SLE	batch	spearman	996	4	0.5148868522371616	1.596527729792864e-68	5	0.3800287064323402	1.4251049901854408e-35	72	0.0006944444444444445	0.00027624309392265195	0.033937061432335956	0.07546223773048863	True	True	False	False
GSE65391_SLE	batch_replicate	auc	996	3	0.3665611814345991	1.794616331877884e-05	2	0.2721958509142053	0.0014484634720963	72	0.0006944444444444445	0.00027624309392265195	0.04418348124830024	0.12379534398959771	False	False	False	False
GSE65391_SLE	visit	spearman	995	1	0.18537883494467	3.83158669283262e-09	8	0.32706269614987	3.091333554285793e-26	72	0.0006944444444444445	0.00027624309392265195	0.1805741938254549	0.04117178050167621	False	False	False	False
GSE65391_SLE	set	spearman	996	2	0.0869301084366607	0.0060470148535783	9	0.1354164727899423	1.8023128395558925e-05	72	0.0006944444444444445	0.00027624309392265195	0.05849601531159484	0.03322830164899022	False	False	False	False
GSE65391_SLE	visit_count	spearman	996	4	0.2451338479849477	4.274647538958586e-15	8	0.2936810253451308	2.899448292182711e-21	72	0.0006944444444444445	0.00027624309392265195	0.033937061432335956	0.04117178050167621	False	False	False	False
GSE65391_SLE	cumulative_time	spearman	924	2	0.2492782723705754	1.48471840501643e-14	8	0.2441077133161873	5.3002958717024756e-14	72	0.0006944444444444445	0.00027624309392265195	0.05849601531159484	0.04117178050167621	False	False	False	False
GSE65391_SLE	days_since_diagnosis	spearman	921	2	0.3145039105537485	1.3605594597066402e-22	2	0.2811108368903955	3.4530696499637762e-18	72	0.0006944444444444445	0.00027624309392265195	0.05849601531159484	0.12379534398959771	False	False	False	False
GSE65391_SLE	days_since_last_visit	spearman	924	4	0.1939532243047765	2.7777596820241246e-09	2	0.1284793396051945	8.988514789125749e-05	72	0.0006944444444444445	0.00027624309392265195	0.033937061432335956	0.12379534398959771	False	False	False	False
GSE65391_SLE	days_between_diagnosis_and_last_visit	spearman	921	4	0.3550602132649927	9.455507085023139e-29	4	0.3227766194467782	8.946995305458558e-24	72	0.0006944444444444445	0.00027624309392265195	0.033937061432335956	0.09077195692477989	False	False	False	False
GSE65391_SLE	disease_state	auc	996	1	0.751082251082251	2.2414958571578896e-26	1	0.7255591630591631	1.0082192159893343e-24	72	0.0006944444444444445	0.00027624309392265195	0.1805741938254549	0.3884909672790056	True	True	True	True
GSE65391_SLE	gender	auc	996	1	0.2264320816295908	4.997873289019564e-05	5	0.2706231008740668	1.2516298095616572e-06	72	0.0006944444444444445	0.00027624309392265195	0.1805741938254549	0.07546223773048863	False	False	False	False
GSE65391_SLE	race	spearman	996	3	0.0984576857699515	0.0018649816603396	10	0.2305734366038271	1.7434665884514997e-13	72	0.0006944444444444445	0.00027624309392265195	0.04418348124830024	0.026263343912276433	False	False	False	False
GSE65391_SLE	age	spearman	996	2	0.1735191849671372	3.5648876652738456e-08	1	0.1623356028421838	2.59108037233946e-07	72	0.0006944444444444445	0.00027624309392265195	0.05849601531159484	0.3884909672790056	False	False	False	False
GSE65391_SLE	biopsy_history	spearman	996	1	0.1288822663150717	4.515742639492089e-05	8	0.1653838929643505	1.5287740857034304e-07	72	0.0006944444444444445	0.00027624309392265195	0.1805741938254549	0.04117178050167621	False	False	False	False
GSE65391_SLE	nephritis_class	spearman	996	2	0.1612009653438447	3.145523180004056e-07	8	0.1843435853919059	4.6070429748279675e-09	72	0.0006944444444444445	0.00027624309392265195	0.05849601531159484	0.04117178050167621	False	False	False	False
GSE65391_SLE	days_since_kidney_biopsy	spearman	641	4	0.3420399862499071	4.963348986261523e-19	4	0.3674790565529227	6.304384783389419e-22	72	0.0006944444444444445	0.00027624309392265195	0.033937061432335956	0.09077195692477989	False	False	False	False
GSE65391_SLE	wbc	spearman	877	3	0.4631834559724161	7.591177737000856e-48	5	0.373728317367553	1.8646342488892738e-30	72	0.0006944444444444445	0.00027624309392265195	0.04418348124830024	0.07546223773048863	True	True	False	False
GSE65391_SLE	neutrophil_count	spearman	853	1	0.5179729007120593	9.906194827773197e-60	1	0.5150199269394752	5.849887978620591e-59	72	0.0006944444444444445	0.00027624309392265195	0.1805741938254549	0.3884909672790056	True	True	True	True
GSE65391_SLE	lymphocyte_count	spearman	849	1	0.573444286516652	2.1859085868192318e-75	1	0.5535875708654141	2.4408019315330525e-69	72	0.0006944444444444445	0.00027624309392265195	0.1805741938254549	0.3884909672790056	True	True	True	True
GSE65391_SLE	neutrophil_percent	spearman	844	1	0.7812126752657131	1.7649336870373714e-174	1	0.7640607042592371	1.9354094139362127e-162	72	0.0006944444444444445	0.00027624309392265195	0.1805741938254549	0.3884909672790056	True	True	True	True
GSE65391_SLE	lymphocyte_percent	spearman	827	1	0.8019569435702828	8.852212749037175e-187	1	0.7833057893692298	1.6481067322487315e-172	72	0.0006944444444444445	0.00027624309392265195	0.1805741938254549	0.3884909672790056	True	True	True	True
GSE65391_SLE	platelet_count	spearman	896	3	0.1110132330861033	0.0008727031913349	8	0.1408219508567307	2.3319989294912658e-05	72	0.0006944444444444445	0.00027624309392265195	0.04418348124830024	0.04117178050167621	False	False	False	False
GSE65391_SLE	esr	spearman	887	3	0.3069722808308103	8.254216546592888e-21	4	0.3416062850886967	1.1096884308599369e-25	72	0.0006944444444444445	0.00027624309392265195	0.04418348124830024	0.09077195692477989	False	False	False	False
GSE65391_SLE	hgb	spearman	794	1	0.2898597397721533	7.790822693512203e-17	1	0.2783369024034899	1.3601722489172704e-15	72	0.0006944444444444445	0.00027624309392265195	0.1805741938254549	0.3884909672790056	False	False	False	False
GSE65391_SLE	cr	spearman	764	4	0.1966702647074137	4.23435517089549e-08	10	0.1975637245873356	3.6668680444399396e-08	72	0.0006944444444444445	0.00027624309392265195	0.033937061432335956	0.026263343912276433	False	False	False	False
GSE65391_SLE	alb	spearman	743	4	0.311124765008996	3.862322482065313e-18	4	0.3041256762993707	2.300352153958664e-17	72	0.0006944444444444445	0.00027624309392265195	0.033937061432335956	0.09077195692477989	False	False	False	False
GSE65391_SLE	ds_dna	spearman	578	1	0.1952771062596411	2.2426544548991254e-06	5	0.2170058014997978	1.3732495935057286e-07	72	0.0006944444444444445	0.00027624309392265195	0.1805741938254549	0.07546223773048863	False	False	False	False
GSE65391_SLE	c3	spearman	895	2	0.2453497346956475	9.781010011808855e-14	2	0.2446930416958169	1.142604391163311e-13	72	0.0006944444444444445	0.00027624309392265195	0.05849601531159484	0.12379534398959771	False	False	False	False
GSE65391_SLE	c4	spearman	893	2	0.2685552909716172	3.22846969890572e-16	2	0.2706759330699748	1.849650861384737e-16	72	0.0006944444444444445	0.00027624309392265195	0.05849601531159484	0.12379534398959771	False	False	False	False
GSE65391_SLE	ast	spearman	667	2	0.3188930635526473	3.1255234192475715e-17	2	0.2942425343335275	8.673612999978826e-15	72	0.0006944444444444445	0.00027624309392265195	0.05849601531159484	0.12379534398959771	False	False	False	False
GSE65391_SLE	alt	spearman	668	2	0.2580006492311755	1.2818525190262191e-11	2	0.2589401003410214	1.0741439934630243e-11	72	0.0006944444444444445	0.00027624309392265195	0.05849601531159484	0.12379534398959771	False	False	False	False
GSE65391_SLE	ald	spearman	653	2	0.210798784637938	5.399708912651544e-08	2	0.2329780315867592	1.6891466901236822e-09	72	0.0006944444444444445	0.00027624309392265195	0.05849601531159484	0.12379534398959771	False	False	False	False
GSE65391_SLE	ldh	spearman	529	3	0.1630395382001986	0.0001657056752323	8	0.1742055776646735	5.623161518362276e-05	72	0.0006944444444444445	0.00027624309392265195	0.04418348124830024	0.04117178050167621	False	False	False	False
GSE65391_SLE	steroid_iv_category	auc	924	1	0.3289634146341462	4.4817941987573424e-08	1	0.3353189493433395	2.4550443667517728e-08	72	0.0006944444444444445	0.00027624309392265195	0.1805741938254549	0.3884909672790056	False	False	False	False
GSE65391_SLE	cyclophosphamide_category	auc	923	1	0.4404935392985525	3.5315018360599017e-07	1	0.440202079082872	3.594832161124707e-07	72	0.0006944444444444445	0.00027624309392265195	0.1805741938254549	0.3884909672790056	True	True	True	True
GSE65391_SLE	oral_steroids_category	auc	924	1	0.3583221775992857	5.97052746867676e-17	1	0.3481005503495464	4.3947883571698523e-16	72	0.0006944444444444445	0.00027624309392265195	0.1805741938254549	0.3884909672790056	False	False	False	False
GSE65391_SLE	mycophenolate_category	auc	924	4	0.1793723962826928	4.214812942898038e-06	4	0.1644834471368352	2.4580231313195132e-05	72	0.0006944444444444445	0.00027624309392265195	0.033937061432335956	0.09077195692477989	False	False	False	False
GSE65391_SLE	hydroxychloroquine_category	auc	923	2	0.213948728189511	0.0005595018321721	8	0.406754699083897	5.3720933395567545e-11	72	0.0006944444444444445	0.00027624309392265195	0.05849601531159484	0.04117178050167621	False	False	True	True
GSE65391_SLE	metotrexate_category	auc	792	2	0.1943717277486909	0.0804382877788044	8	0.2941286462228871	0.0081555222477927	72	0.0006944444444444445	0.00027624309392265195	0.05849601531159484	0.04117178050167621	False	False	False	False
GSE65391_SLE	nsaid_category	auc	783	4	0.1870147986414361	0.0029713148939564	7	0.2753820960698689	1.2171141249543131e-05	72	0.0006944444444444445	0.00027624309392265195	0.033937061432335956	0.04789888025011812	False	False	False	False
GSE65391_SLE	asa_category	auc	781	2	0.1342876314023708	0.0023189584894301	2	0.1309624990680683	0.0029723010091935	72	0.0006944444444444445	0.00027624309392265195	0.05849601531159484	0.12379534398959771	False	False	False	False
GSE65391_SLE	treatment	spearman	996	1	0.0925783325136644	0.0034519175265434	10	0.1012270646413471	0.0013796231217293	72	0.0006944444444444445	0.00027624309392265195	0.1805741938254549	0.026263343912276433	False	False	False	False
GSE65391_SLE	treatment_lmm1	spearman	996	4	0.0757855732200335	0.0167481772996263	2	0.0662854888263166	0.0364735552706052	72	0.0006944444444444445	0.00027624309392265195	0.033937061432335956	0.12379534398959771	False	False	False	False
GSE65391_SLE	sledai	spearman	924	2	0.1791478962685486	4.1896301071450406e-08	2	0.2170047342553399	2.610024804888693e-11	72	0.0006944444444444445	0.00027624309392265195	0.05849601531159484	0.12379534398959771	False	False	False	False
GSE65391_SLE	disease_activity	spearman	924	2	0.1726111535108792	1.295380759220186e-07	2	0.2094203832188009	1.2876237492175268e-10	72	0.0006944444444444445	0.00027624309392265195	0.05849601531159484	0.12379534398959771	False	False	False	False
GSE65391_SLE	seizure	spearman	924	4	0.0616372350673838	0.0610884851157924	10	0.0693200632344232	0.0351323269978836	72	0.0006944444444444445	0.00027624309392265195	0.033937061432335956	0.026263343912276433	False	False	False	False
GSE65391_SLE	psychosis	spearman	924	2	0.0538644591739067	0.101774847019306	7	0.056455876453751	0.0863167933017753	72	0.0006944444444444445	0.00027624309392265195	0.05849601531159484	0.04789888025011812	False	False	False	False
GSE65391_SLE	organic_brain_syndrome	spearman	924	1	0.0513167639647914	0.1190413231008904	8	0.0773495907155195	0.0186946203810178	72	0.0006944444444444445	0.00027624309392265195	0.1805741938254549	0.04117178050167621	False	False	False	False
GSE65391_SLE	lupus_headache	spearman	924	1	0.04325198840883	0.1889870313100208	9	0.0494220295513164	0.1333081199259276	72	0.0006944444444444445	0.00027624309392265195	0.1805741938254549	0.03322830164899022	False	False	False	False
GSE65391_SLE	cva	spearman	924	2	0.0462136081572235	0.1604319018088243	10	0.0544814632881553	0.0979081363338907	72	0.0006944444444444445	0.00027624309392265195	0.05849601531159484	0.026263343912276433	False	False	False	False
GSE65391_SLE	vasculitis	spearman	924	1	0.0585199145422106	0.0754092255534842	9	0.0949580117015681	0.0038634996530247	72	0.0006944444444444445	0.00027624309392265195	0.1805741938254549	0.03322830164899022	False	False	False	False
GSE65391_SLE	arthritis	spearman	924	2	0.148112749505639	6.1518710085681535e-06	8	0.1727042535054168	1.2750980427848105e-07	72	0.0006944444444444445	0.00027624309392265195	0.05849601531159484	0.04117178050167621	False	False	False	False
GSE65391_SLE	myositis	spearman	924	4	0.0881865983290444	0.0073131180641021	8	0.1385340127098022	2.3813523446372063e-05	72	0.0006944444444444445	0.00027624309392265195	0.033937061432335956	0.04117178050167621	False	False	False	False
GSE65391_SLE	urinary_casts	spearman	924	2	0.0828945587882395	0.0117120032537514	2	0.1053681604260157	0.001338885902023	72	0.0006944444444444445	0.00027624309392265195	0.05849601531159484	0.12379534398959771	False	False	False	False
GSE65391_SLE	hematuria	spearman	924	1	0.1602445167688847	9.776215673089489e-07	1	0.1584344768123686	1.2979119767349685e-06	72	0.0006944444444444445	0.00027624309392265195	0.1805741938254549	0.3884909672790056	False	False	False	False
GSE65391_SLE	proteinuria	spearman	924	1	0.1353378300312346	3.669705345485503e-05	1	0.1339514382772812	4.413745682614709e-05	72	0.0006944444444444445	0.00027624309392265195	0.1805741938254549	0.3884909672790056	False	False	False	False
GSE65391_SLE	pyuria	spearman	924	1	0.1387580999662737	2.309407433431101e-05	1	0.1319565382015015	5.738657371160729e-05	72	0.0006944444444444445	0.00027624309392265195	0.1805741938254549	0.3884909672790056	False	False	False	False
GSE65391_SLE	new_rash	spearman	924	2	0.1598825175134248	1.0348913839042456e-06	2	0.1566080126068189	1.722061011015649e-06	72	0.0006944444444444445	0.00027624309392265195	0.05849601531159484	0.12379534398959771	False	False	False	False
GSE65391_SLE	alopecia	spearman	924	2	0.0936547258497251	0.0043819946714247	2	0.0892215310268295	0.0066507789420767	72	0.0006944444444444445	0.00027624309392265195	0.05849601531159484	0.12379534398959771	False	False	False	False
GSE65391_SLE	mucosal_ulcers	spearman	924	2	0.1819938230288725	2.529400543410946e-08	2	0.1775527159008723	5.539793159526175e-08	72	0.0006944444444444445	0.00027624309392265195	0.05849601531159484	0.12379534398959771	False	False	False	False
GSE65391_SLE	pleurisy	spearman	924	2	0.0399589437384866	0.2249436113856237	8	0.0586525395635503	0.0747486296420523	72	0.0006944444444444445	0.00027624309392265195	0.05849601531159484	0.04117178050167621	False	False	False	False
GSE65391_SLE	pericarditis	spearman	924	2	0.0581450404460023	0.0773022119748018	2	0.0577085161183296	0.0795550334559518	72	0.0006944444444444445	0.00027624309392265195	0.05849601531159484	0.12379534398959771	False	False	False	False
GSE65391_SLE	low_complement	spearman	924	2	0.1966138812410641	1.6663831582882695e-09	2	0.2128344144231951	6.323918264481218e-11	72	0.0006944444444444445	0.00027624309392265195	0.05849601531159484	0.12379534398959771	False	False	False	False
GSE65391_SLE	increased_dna_binding	spearman	924	3	0.1254999855955138	0.0001308586701414	9	0.1551366008663056	2.157585280283465e-06	72	0.0006944444444444445	0.00027624309392265195	0.04418348124830024	0.03322830164899022	False	False	False	False
GSE65391_SLE	fever	auc	924	3	0.3871474265774934	0.0038439331276027	8	0.7218958999709217	7.02551824613664e-08	72	0.0006944444444444445	0.00027624309392265195	0.04418348124830024	0.04117178050167621	False	False	True	True
GSE65391_SLE	thrombocytopenia	auc	924	3	0.5838892172591406	0.0002967001488547	5	0.4984378958034281	0.0020111916416147	72	0.0006944444444444445	0.00027624309392265195	0.04418348124830024	0.07546223773048863	True	False	False	False
GSE65391_SLE	leukopenia	auc	924	3	0.5440440440440439	3.036455247402503e-08	4	0.4600225225225225	2.8162385304387182e-06	72	0.0006944444444444445	0.00027624309392265195	0.04418348124830024	0.09077195692477989	True	True	True	True
GSE65391_SLE	renal	auc	924	1	0.2173677610579114	1.3488025900575694e-08	1	0.2143182854537162	2.1425190116861962e-08	72	0.0006944444444444445	0.00027624309392265195	0.1805741938254549	0.3884909672790056	False	False	False	False
GSE65391_SLE	musculoskeletal	auc	924	2	0.3315524193548385	2.734063331370837e-09	2	0.3274798387096773	4.2599920039563574e-09	72	0.0006944444444444445	0.00027624309392265195	0.05849601531159484	0.12379534398959771	False	False	False	False
GSE65391_SLE	serology	auc	924	3	0.2158440141805291	2.547033981947418e-05	5	0.2476649850013634	1.3559997924780047e-06	72	0.0006944444444444445	0.00027624309392265195	0.04418348124830024	0.07546223773048863	False	False	False	False
GSE65391_SLE	sledai_component_class	spearman	996	4	0.2001381930002752	1.8547739520522024e-10	5	0.1268993087975959	5.917123669140277e-05	72	0.0006944444444444445	0.00027624309392265195	0.033937061432335956	0.07546223773048863	False	False	False	False
GSE65391_SLE	sledaic_lmm2	spearman	996	1	0.3020388057574182	1.866687307440195e-22	1	0.2906458661085284	7.678182340729355e-21	72	0.0006944444444444445	0.00027624309392265195	0.1805741938254549	0.3884909672790056	False	False	False	False
GSE65682_sepsis	gender	auc	802	5	0.0581133042809536	0.1606256741940184	9	0.0941681620097412	0.0229959388358819	12	0.004166666666666667	0.00027624309392265195	0.0428913449921832	0.02584148801843935	False	False	False	False
GSE65682_sepsis	age	spearman	802	1	0.1609734222899117	4.616450445713722e-06	1	0.14793725197842	2.597527957751064e-05	12	0.004166666666666667	0.00027624309392265195	0.18234656240068642	0.2813330217654999	False	False	False	False
GSE65682_sepsis	pneumonia_diagnoses	spearman	802	5	0.0909792923226954	0.0099423827778764	5	0.110316828219772	0.0017551550323561	12	0.004166666666666667	0.00027624309392265195	0.0428913449921832	0.05884131598762334	False	False	False	False
GSE65682_sepsis	thrombocytopenia	spearman	802	5	0.1357018823310875	0.0001157889647464	2	0.1330616115838836	0.0001573382182778	12	0.004166666666666667	0.00027624309392265195	0.0428913449921832	0.2418017103840298	False	False	False	False
GSE65682_sepsis	endotype_cohort	spearman	802	5	0.3226217099959595	6.978971425669017e-21	2	0.2795034977136487	7.362794740249248e-16	12	0.004166666666666667	0.00027624309392265195	0.0428913449921832	0.2418017103840298	False	False	False	False
GSE65682_sepsis	endotype_class	spearman	802	2	0.3211876896899097	1.0582906093337418e-20	2	0.3695755633007876	2.327087890678695e-27	12	0.004166666666666667	0.00027624309392265195	0.15414988827505668	0.2418017103840298	False	False	False	False
GSE65682_sepsis	mortality_event_28days	auc	479	3	0.2019706801249701	0.0011272216193976	9	0.2055275174236961	0.00091957569964	12	0.004166666666666667	0.00027624309392265195	0.09404191178874025	0.02584148801843935	False	False	False	False
GSE65682_sepsis	time_to_event_28days	spearman	479	3	0.1610962938398688	0.0004005843283797	3	0.1544472423577075	0.0006943910340172	12	0.004166666666666667	0.00027624309392265195	0.09404191178874025	0.13530589914537772	False	False	False	False
GSE65682_sepsis	icu_acquired_infection	spearman	802	2	0.1128960621860627	0.0013627410173997	7	0.1615658159414947	4.253635484038773e-06	12	0.004166666666666667	0.00027624309392265195	0.15414988827505668	0.04045469526796793	False	False	False	False
GSE65682_sepsis	icu_acquired_infection_paired	spearman	802	2	0.3105129501846905	2.1888549450602185e-19	2	0.3209120816467402	1.14615809932152e-20	12	0.004166666666666667	0.00027624309392265195	0.15414988827505668	0.2418017103840298	False	False	False	False
GSE65682_sepsis	diabetes_mellitus	spearman	802	2	0.2091305181528327	2.2382865098204597e-09	2	0.2279279835232963	6.536863734260509e-11	12	0.004166666666666667	0.00027624309392265195	0.15414988827505668	0.2418017103840298	False	False	False	False
GSE65682_sepsis	abdominal_sepsis_and_controls	spearman	802	2	0.1438822631962587	4.320602598127679e-05	6	0.1969021439346862	1.8807561930993762e-08	12	0.004166666666666667	0.00027624309392265195	0.15414988827505668	0.05417948583099151	False	False	False	False
